cleanName,rawName,iso3,iso2
Aland Islands,<U+FFFD><U+FFFD>LAND ISLANDS,ALA,AX
Afghanistan,AF,AFG,AF
Afghanistan,AFG,AFG,AF
Afghanistan,AFGHANISTAN,AFG,AF
Afghanistan,Afghanistan,AFG,AF
Aland Islands,Åland Islands,ALA,AX
Aland Islands,ALA,ALA,AX
Aland Islands,Aland,ALA,AX
Aland Islands,ALAND ISLANDS,ALA,AX
Aland Islands,Aland Islands,ALA,AX
Aland Islands,AX,ALA,AX
Albania,AL,ALB,AL
Albania,ALB,ALB,AL
Albania,ALBANIA,ALB,AL
Albania,Albania,ALB,AL
Algeria,ALGERIA,DZA,DZ
Algeria,Algeria,DZA,DZ
Algeria,DZ,DZA,DZ
Algeria,Dza,DZA,DZ
Algeria,DZA,DZA,DZ
Algeria,PeopleAos Democratic Republic of Algeria,DZA,DZ
Algeria,People's Democratic Republic of Algeria,DZA,DZ
American Samoa,AMERICAN SAMOA,ASM,AS
American Samoa,American Samoa,ASM,AS
American Samoa,AS,ASM,AS
American Samoa,ASM,ASM,AS
Andorra,AD,AND,AD
Andorra,AND,AND,AD
Andorra,ANDORRA,AND,AD
Andorra,Andorra,AND,AD
Angola,AGO,AGO,AO
Angola,ANGOLA,AGO,AO
Angola,Angola,AGO,AO
Angola,Anogla,AGO,AO
Angola,AO,AGO,AO
Angola,Republic of Angola,AGO,AO
Anguilla,AI,AIA,AI
Anguilla,AIA,AIA,AI
Anguilla,ANGUILLA,AIA,AI
Anguilla,Anguilla,AIA,AI
Antarctica,ANTARCTICA,ATA,AQ
Antarctica,Antarctica,ATA,AQ
Antarctica,AQ,ATA,AQ
Antarctica,ATA,ATA,AQ
Antigua and Barbuda,AG,ATG,AG
Antigua and Barbuda,ANTIGUA AND BARBUDA,ATG,AG
Antigua and Barbuda,Antigua and Barbuda,ATG,AG
Antigua and Barbuda,ATG,ATG,AG
Argentina,Agentina,ARG,AR
Argentina,AR,ARG,AR
Argentina,ARG,ARG,AR
Argentina,ARGENTINA,ARG,AR
Argentina,Argentina,ARG,AR
Armenia,AM,ARM,AM
Armenia,ARM,ARM,AM
Armenia,ARMENIA,ARM,AM
Armenia,Armenia,ARM,AM
Aruba,ABW,ABW,AW
Aruba,ARUBA,ABW,AW
Aruba,Aruba,ABW,AW
Aruba,AW,ABW,AW
Australia,AU,AUS,AU
Australia,AUS,AUS,AU
Australia,AUSTRALIA,AUS,AU
Australia,Australia,AUS,AU
Australia,Australie,AUS,AU
Austria,AT,AUT,AT
Austria,AUSTRIA,AUT,AT
Austria,Austria,AUT,AT
Austria,Aut,AUT,AT
Austria,AUT,AUT,AT
Austria,Autriche,AUT,AT
Austria,Ustria,AUT,AT
Azerbaijan,AZ,AZE,AZ
Azerbaijan,AZE,AZE,AZ
Azerbaijan,AZERBAIJAN,AZE,AZ
Azerbaijan,Azerbaijan,AZE,AZ
Bahamas,Bahamas,BHS,BS
Bahamas,BAHAMAS (THE),BHS,BS
Bahamas,Bahamas the,BHS,BS
Bahamas,"Bahamas, The",BHS,BS
Bahamas,BHS,BHS,BS
Bahamas,BS,BHS,BS
Bahamas,The Bahamas,BHS,BS
Bahrain,BAHRAIN,BHR,BH
Bahrain,Bahrain,BHR,BH
Bahrain,BH,BHR,BH
Bahrain,BHR,BHR,BH
Bangladesh,BANGLADESH,BGD,BD
Bangladesh,Bangladesh,BGD,BD
Bangladesh,BD,BGD,BD
Bangladesh,BGD,BGD,BD
Barbados,BARBADOS,BRB,BB
Barbados,Barbados,BRB,BB
Barbados,BB,BRB,BB
Barbados,BRB,BRB,BB
Belarus,BELARUS,BLR,BY
Belarus,Belarus,BLR,BY
Belarus,BLR,BLR,BY
Belarus,BY,BLR,BY
Belgium,BE,BEL,BE
Belgium,BEL,BEL,BE
Belgium,BELGIUM,BEL,BE
Belgium,Belgium,BEL,BE
Belize,BELIZE,BLZ,BZ
Belize,Belize,BLZ,BZ
Belize,BLZ,BLZ,BZ
Belize,BZ,BLZ,BZ
Benin,BEN,BEN,BJ
Benin,BENIN,BEN,BJ
Benin,Benin,BEN,BJ
Benin,BJ,BEN,BJ
Bermuda,BERMUDA,BMU,BM
Bermuda,Bermuda,BMU,BM
Bermuda,BM,BMU,BM
Bermuda,BMU,BMU,BM
Bhutan,BHUTAN,BTN,BT
Bhutan,Bhutan,BTN,BT
Bhutan,BT,BTN,BT
Bhutan,BTN,BTN,BT
"Bolivia, Plurinational State of",BO,BOL,BO
"Bolivia, Plurinational State of",BOL,BOL,BO
"Bolivia, Plurinational State of",Bolivia,BOL,BO
"Bolivia, Plurinational State of",BOLIVIA,BOL,BO
"Bolivia, Plurinational State of",Bolivia (Plurinational State of),BOL,BO
"Bolivia, Plurinational State of",BOLIVIA (PLURINATIONAL STATE OF),BOL,BO
"Bolivia, Plurinational State of",Bolivia Plurinational State of,BOL,BO
"Bolivia, Plurinational State of","Bolivia, Plurinational State of",BOL,BO
"Bolivia, Plurinational State of",Plurinational State of Bolivia,BOL,BO
"Bonaire, Sint Eustatius and Saba","BONAIRE, SINT EUSTATIUS AND SABA",BES,BQ
"Bonaire, Sint Eustatius and Saba","Bonaire, Sint Eustatius and Saba",BES,BQ
"Bonaire, Sint Eustatius and Saba",Caribbean Netherlands,BES,BQ
"Bonaire, Sint Eustatius and Saba",Sint Eustatius and Saba,BES,BQ
"Bonaire, Sint Eustatius and Saba",Sint Eustatius and Saba),BES,BQ
Bosnia and Herzegovina,BA,BIH,BA
Bosnia and Herzegovina,BIH,BIH,BA
Bosnia and Herzegovina,Bosnia and Herz.,BIH,BA
Bosnia and Herzegovina,BOSNIA AND HERZEGOVINA,BIH,BA
Bosnia and Herzegovina,Bosnia and Herzegovina,BIH,BA
Botswana,BOTSWANA,BWA,BW
Botswana,Botswana,BWA,BW
Botswana,BW,BWA,BW
Botswana,BWA,BWA,BW
Bouvet Island,BOUVET ISLAND,BVT,BV
Bouvet Island,Bouvet Island,BVT,BV
Bouvet Island,BV,BVT,BV
Bouvet Island,BVT,BVT,BV
Brazil,BR,BRA,BR
Brazil,Bra,BRA,BR
Brazil,BRA,BRA,BR
Brazil,Brasil,BRA,BR
Brazil,Brazi,BRA,BR
Brazil,BRAZIL,BRA,BR
Brazil,Brazil,BRA,BR
Brazil,Brsil,BRA,BR
British Indian Ocean Territory,British Indian Ocean Territory,IOT,IO
British Indian Ocean Territory,BRITISH INDIAN OCEAN TERRITORY (THE),IOT,IO
British Indian Ocean Territory,Indian Ocean Territories,IOT,IO
British Indian Ocean Territory,IO,IOT,IO
British Indian Ocean Territory,IOT,IOT,IO
Brunei Darussalam,BN,BRN,BN
Brunei Darussalam,BRN,BRN,BN
Brunei Darussalam,Brunei,BRN,BN
Brunei Darussalam,BRUNEI DARUSSALAM,BRN,BN
Brunei Darussalam,Brunei Darussalam,BRN,BN
Bulgaria,BG,BGR,BG
Bulgaria,BGR,BGR,BG
Bulgaria,BULGARIA,BGR,BG
Bulgaria,Bulgaria,BGR,BG
Bulgaria,Bulgarie,BGR,BG
Burkina Faso,BF,BFA,BF
Burkina Faso,BFA,BFA,BF
Burkina Faso,BURKINA FASO,BFA,BF
Burkina Faso,Burkina Faso,BFA,BF
Burundi,BDI,BDI,BI
Burundi,BI,BDI,BI
Burundi,BURUNDI,BDI,BI
Burundi,Burundi,BDI,BI
Cabo Verde,CABO VERDE,CPV,CV
Cabo Verde,Cabo Verde,CPV,CV
Cabo Verde,Cape Verde,CPV,CV
Cabo Verde,CPV,CPV,CV
Cabo Verde,CV,CPV,CV
Cambodia,Cambdia,KHM,KH
Cambodia,CAMBODIA,KHM,KH
Cambodia,Cambodia,KHM,KH
Cambodia,KH,KHM,KH
Cambodia,KHM,KHM,KH
Cameroon,CAMEROON,CMR,CM
Cameroon,Cameroon,CMR,CM
Cameroon,CM,CMR,CM
Cameroon,CMR,CMR,CM
Canada,CA,CAN,CA
Canada,can,CAN,CA
Canada,CAN,CAN,CA
Canada,CANADA,CAN,CA
Canada,Canada,CAN,CA
Canada,Canada Alberta,CAN,CA
Canada,Canada -Alberta,CAN,CA
Canada,Canada British Columbia,CAN,CA
Canada,Canada -British Columbia,CAN,CA
Canada,Canada Manitoba,CAN,CA
Canada,Canada -Manitoba,CAN,CA
Canada,Canada New Brunswick,CAN,CA
Canada,Canada Newfoundland and Labrador,CAN,CA
Canada,Canada Northwest Territories,CAN,CA
Canada,Canada Nova Scotia,CAN,CA
Canada,Canada Ontario,CAN,CA
Canada,Canada -Ontario,CAN,CA
Canada,Canada Qubec,CAN,CA
Canada,Canada Quebec,CAN,CA
Canada,Canada -Quebec,CAN,CA
Canada,Canada Saskatchewan,CAN,CA
Canada,Canada -Saskatchewan,CAN,CA
Canada,Canada Yukon,CAN,CA
Canada,Canada -Yukon,CAN,CA
Canada,Canadaalberta,CAN,CA
Canada,Canadasaskatchewan,CAN,CA
Canada,Canda,CAN,CA
Canada,Crown Land Payments Made to Thecanada,CAN,CA
Canada,Government of Newfoundland Canada Newfoundland and Labrador,CAN,CA
Canada,Saskatchewan Finance and Revenue Divisioncanada,CAN,CA
Cayman Islands,Cayman Islands,CYM,KY
Cayman Islands,CAYMAN ISLANDS (THE),CYM,KY
Cayman Islands,CYM,CYM,KY
Cayman Islands,KY,CYM,KY
Central African Republic,CAF,CAF,CF
Central African Republic,Central African Rep.,CAF,CF
Central African Republic,Central African Republic,CAF,CF
Central African Republic,CENTRAL AFRICAN REPUBLIC (THE),CAF,CF
Central African Republic,CF,CAF,CF
Chad,CHAD,TCD,TD
Chad,Chad,TCD,TD
Chad,TCD,TCD,TD
Chad,TD,TCD,TD
Chile,CHILE,CHL,CL
Chile,Chile,CHL,CL
Chile,Chili,CHL,CL
Chile,CHL,CHL,CL
Chile,CL,CHL,CL
China,CHINA,CHN,CN
China,China,CHN,CN
China,China Peoples Rep,CHN,CN
China,Chine,CHN,CN
China,Chn,CHN,CN
China,CHN,CHN,CN
China,CN,CHN,CN
Christmas Island,CHRISTMAS ISLAND,CXR,CX
Christmas Island,Christmas Island,CXR,CX
Christmas Island,CX,CXR,CX
Christmas Island,CXR,CXR,CX
Cocos (Keeling) Islands,CC,CCK,CC
Cocos (Keeling) Islands,CCK,CCK,CC
Cocos (Keeling) Islands,Cocos,CCK,CC
Cocos (Keeling) Islands,Cocos (Keeling) Islands,CCK,CC
Cocos (Keeling) Islands,COCOS (KEELING) ISLANDS (THE),CCK,CC
Colombia,CO,COL,CO
Colombia,Col,COL,CO
Colombia,COL,COL,CO
Colombia,COLOMBIA,COL,CO
Colombia,Colombia,COL,CO
Comoros,COM,COM,KM
Comoros,Comoros,COM,KM
Comoros,COMOROS (THE),COM,KM
Comoros,KM,COM,KM
Congo,CG,COG,CG
Congo,Cog,COG,CG
Congo,COG,COG,CG
Congo,Congo,COG,CG
Congo,Congo - Brazzaville,COG,CG
Congo,Congo (Brazzaville),COG,CG
Congo,CONGO (THE),COG,CG
Congo,Congo Rep,COG,CG
Congo,Congo the Republic of the,COG,CG
Congo,"Congo, Rep.",COG,CG
Congo,"Congo, the Republic of the",COG,CG
Congo,Rep. Of the Congo,COG,CG
Congo,Republic of Congo,COG,CG
Congo,Republic Of Congo (ROC),COG,CG
Congo,Republic of Congo Roc,COG,CG
Congo,Republic of the Congo,COG,CG
"Congo, the Democratic Republic of the",CD,COD,CD
"Congo, the Democratic Republic of the",COD,COD,CD
"Congo, the Democratic Republic of the",Congo (Democratic Republic of the),COD,CD
"Congo, the Democratic Republic of the",Congo (DRC),COD,CD
"Congo, the Democratic Republic of the",CONGO (THE DEMOCRATIC REPUBLIC OF THE),COD,CD
"Congo, the Democratic Republic of the",Congo Dem Rep,COD,CD
"Congo, the Democratic Republic of the",Congo Democratic Republic of the,COD,CD
"Congo, the Democratic Republic of the",Congo the Democratic Republic of the,COD,CD
"Congo, the Democratic Republic of the","Congo, (Kinshasa)",COD,CD
"Congo, the Democratic Republic of the","Congo, Dem. Rep.",COD,CD
"Congo, the Democratic Republic of the","Congo, The Democratic Republic of",COD,CD
"Congo, the Democratic Republic of the","Congo, the Democratic Republic of the",COD,CD
"Congo, the Democratic Republic of the",Dem. Rep. Congo,COD,CD
"Congo, the Democratic Republic of the",Democratic Republic of Congo,COD,CD
"Congo, the Democratic Republic of the",Democratic Republic of the Congo,COD,CD
"Congo, the Democratic Republic of the",DRC,COD,CD
"Congo, the Democratic Republic of the",Drc,COD,CD
"Congo, the Democratic Republic of the",The Democratic Republic of the Congo,COD,CD
Cook Islands,CK,COK,CK
Cook Islands,COK,COK,CK
Cook Islands,Cook Islands,COK,CK
Cook Islands,COOK ISLANDS (THE),COK,CK
Costa Rica,COSTA RICA,CRI,CR
Costa Rica,Costa Rica,CRI,CR
Costa Rica,CR,CRI,CR
Costa Rica,CRI,CRI,CR
Cote d'Ivoire,C<U+FFFD><U+FFFD>TE D'IVOIRE,CIV,CI
Cote d'Ivoire,CA´te d'Ivoire,CIV,CI
Cote d'Ivoire,Côte d'Ivoire,CIV,CI
Cote d'Ivoire,Cdi,CIV,CI
Cote d'Ivoire,CI,CIV,CI
Cote d'Ivoire,CIV,CIV,CI
Cote d'Ivoire,Côte d Ivoire,CIV,CI
Cote d'Ivoire,Côte d’Ivoire,CIV,CI
Cote d'Ivoire,Cote Divoire,CIV,CI
Cote d'Ivoire,COTE D'IVOIRE,CIV,CI
Cote d'Ivoire,Cote d'Ivoire,CIV,CI
Cote d'Ivoire,Côte d'Ivoire,CIV,CI
Cote d'Ivoire,Cote d'Ivore,CIV,CI
Cote d'Ivoire,Cte dAoIvoire,CIV,CI
Cote d'Ivoire,Cte Divoire,CIV,CI
Cote d'Ivoire,Cte d'Ivoire,CIV,CI
Cote d'Ivoire,Ivory Coast,CIV,CI
Croatia,CROATIA,HRV,HR
Croatia,Croatia,HRV,HR
Croatia,HR,HRV,HR
Croatia,HRV,HRV,HR
Cuba,CU,CUB,CU
Cuba,CUB,CUB,CU
Cuba,CUBA,CUB,CU
Cuba,Cuba,CUB,CU
Curacao,CURA<U+FFFD><U+FFFD>AO,CUW,CW
Curacao,Curaçao,CUW,CW
Curacao,Curaao,CUW,CW
Curacao,CURACAO,CUW,CW
Curacao,Curacao,CUW,CW
Curacao,Curaçao,CUW,CW
Cyprus,CY,CYP,CY
Cyprus,CYP,CYP,CY
Cyprus,CYPRUS,CYP,CY
Cyprus,Cyprus,CYP,CY
Czechia,CZ,CZE,CZ
Czechia,CZE,CZE,CZ
Czechia,Czech Rep.,CZE,CZ
Czechia,Czech Republic,CZE,CZ
Czechia,CZECH REPUBLIC (THE),CZE,CZ
Czechia,Czechia,CZE,CZ
Czechia,Czechia [8],CZE,CZ
Czechia,Czechia 10,CZE,CZ
Denmark,Danemark,DNK,DK
Denmark,Denmakr,DNK,DK
Denmark,DENMARK,DNK,DK
Denmark,Denmark,DNK,DK
Denmark,DK,DNK,DK
Denmark,DNK,DNK,DK
Djibouti,DJ,DJI,DJ
Djibouti,DJI,DJI,DJ
Djibouti,DJIBOUTI,DJI,DJ
Djibouti,Djibouti,DJI,DJ
Dominica,DM,DMA,DM
Dominica,DMA,DMA,DM
Dominica,DOMINICA,DMA,DM
Dominica,Dominica,DMA,DM
Dominican Republic,DO,DOM,DO
Dominican Republic,DOM,DOM,DO
Dominican Republic,Dominican Rep.,DOM,DO
Dominican Republic,Dominican Republic,DOM,DO
Dominican Republic,DOMINICAN REPUBLIC (THE),DOM,DO
Ecuador,EC,ECU,EC
Ecuador,ECU,ECU,EC
Ecuador,ECUADOR,ECU,EC
Ecuador,Ecuador,ECU,EC
Egypt,EG,EGY,EG
Egypt,EGY,EGY,EG
Egypt,EGYPT,EGY,EG
Egypt,Egypt,EGY,EG
Egypt,Egypt Arab Rep,EGY,EG
Egypt,"Egypt, Arab Rep.",EGY,EG
El Salvador,EL SALVADOR,SLV,SV
El Salvador,El Salvador,SLV,SV
El Salvador,SLV,SLV,SV
El Salvador,SV,SLV,SV
Equatorial Guinea,Eq. Guinea,GNQ,GQ
Equatorial Guinea,Equatorial Guine,GNQ,GQ
Equatorial Guinea,EQUATORIAL GUINEA,GNQ,GQ
Equatorial Guinea,Equatorial Guinea,GNQ,GQ
Equatorial Guinea,GNQ,GNQ,GQ
Equatorial Guinea,GQ,GNQ,GQ
Eritrea,ER,ERI,ER
Eritrea,ERI,ERI,ER
Eritrea,ERITREA,ERI,ER
Eritrea,Eritrea,ERI,ER
Estonia,EE,EST,EE
Estonia,EST,EST,EE
Estonia,ESTONIA,EST,EE
Estonia,Estonia,EST,EE
Eswatini,Eswatini,SWZ,SZ
Ethiopia,ET,ETH,ET
Ethiopia,ETH,ETH,ET
Ethiopia,ETHIOPIA,ETH,ET
Ethiopia,Ethiopia,ETH,ET
Falkland Islands (Malvinas),Falkland Is.,FLK,FK
Falkland Islands (Malvinas),Falkland Islands,FLK,FK
Falkland Islands (Malvinas),Falkland Islands (Malvinas),FLK,FK
Falkland Islands (Malvinas),FALKLAND ISLANDS (THE) [MALVINAS],FLK,FK
Falkland Islands (Malvinas),Falkland Islands Malvinas,FLK,FK
Falkland Islands (Malvinas),FK,FLK,FK
Falkland Islands (Malvinas),FLK,FLK,FK
Faroe Islands,Faroe Islands,FRO,FO
Faroe Islands,FAROE ISLANDS (THE),FRO,FO
Faroe Islands,FO,FRO,FO
Faroe Islands,FRO,FRO,FO
Fiji,FIJI,FJI,FJ
Fiji,Fiji,FJI,FJ
Fiji,FJ,FJI,FJ
Fiji,FJI,FJI,FJ
Finland,FI,FIN,FI
Finland,FIN,FIN,FI
Finland,FINLAND,FIN,FI
Finland,Finland,FIN,FI
France,FR,FRA,FR
France,FRA,FRA,FR
France,FRANCE,FRA,FR
France,France,FRA,FR
France,Francia,FRA,FR
France,Frane,FRA,FR
French Guiana,FRENCH GUIANA,GUF,GF
French Guiana,French Guiana,GUF,GF
French Guiana,GF,GUF,GF
French Guiana,GUF,GUF,GF
French Polynesia,FRENCH POLYNESIA,PYF,PF
French Polynesia,French Polynesia,PYF,PF
French Polynesia,French Territories of the Pacific Ocean French Polynesia,PYF,PF
French Polynesia,French territories of the Pacific Ocean:  French Polynesia,PYF,PF
French Polynesia,PF,PYF,PF
French Polynesia,PYF,PYF,PF
French Southern Territories,ATF,ATF,TF
French Southern Territories,French Southern and Antarctic Lands,ATF,TF
French Southern Territories,French Southern Territories,ATF,TF
French Southern Territories,FRENCH SOUTHERN TERRITORIES (THE),ATF,TF
French Southern Territories,TF,ATF,TF
Gabon,GA,GAB,GA
Gabon,Gab,GAB,GA
Gabon,GAB,GAB,GA
Gabon,GABON,GAB,GA
Gabon,Gabon,GAB,GA
Gambia,Gambia,GMB,GM
Gambia,GAMBIA (THE),GMB,GM
Gambia,Gambia the,GMB,GM
Gambia,"Gambia, The",GMB,GM
Gambia,GM,GMB,GM
Gambia,GMB,GMB,GM
Gambia,The Gambia,GMB,GM
Georgia,GE,GEO,GE
Georgia,GEO,GEO,GE
Georgia,GEORGIA,GEO,GE
Georgia,Georgia,GEO,GE
Germany,Allemagne,DEU,DE
Germany,DE,DEU,DE
Germany,DEU,DEU,DE
Germany,Germania,DEU,DE
Germany,GERMANY,DEU,DE
Germany,Germany,DEU,DE
Germany,Germany-Bavaria,DEU,DE
Germany,Germany-Lower Saxony,DEU,DE
Germany,Niemcy,DEU,DE
Ghana,GH,GHA,GH
Ghana,GHA,GHA,GH
Ghana,GHANA,GHA,GH
Ghana,Ghana,GHA,GH
Gibraltar,GI,GIB,GI
Gibraltar,GIB,GIB,GI
Gibraltar,GIBRALTAR,GIB,GI
Gibraltar,Gibraltar,GIB,GI
Greece,GR,GRC,GR
Greece,GRC,GRC,GR
Greece,Grce,GRC,GR
Greece,GREECE,GRC,GR
Greece,Greece,GRC,GR
Greenland,GL,GRL,GL
Greenland,GREENLAND,GRL,GL
Greenland,Greenland,GRL,GL
Greenland,GRL,GRL,GL
Grenada,GD,GRD,GD
Grenada,GRD,GRD,GD
Grenada,GRENADA,GRD,GD
Grenada,Grenada,GRD,GD
Guadeloupe,GLP,GLP,GP
Guadeloupe,GP,GLP,GP
Guadeloupe,GUADELOUPE,GLP,GP
Guadeloupe,Guadeloupe,GLP,GP
Guam,GU,GUM,GU
Guam,GUAM,GUM,GU
Guam,Guam,GUM,GU
Guam,GUM,GUM,GU
Guatemala,GT,GTM,GT
Guatemala,GTM,GTM,GT
Guatemala,GUATEMALA,GTM,GT
Guatemala,Guatemala,GTM,GT
Guernsey,And Guernsey,GGY,GG
Guernsey,GG,GGY,GG
Guernsey,GGY,GGY,GG
Guernsey,GUERNSEY,GGY,GG
Guernsey,Guernsey,GGY,GG
Guinea,GIN,GIN,GN
Guinea,GN,GIN,GN
Guinea,GUINEA,GIN,GN
Guinea,Guinea,GIN,GN
Guinea,Guinea the Republic of,GIN,GN
Guinea-Bissau,GNB,GNB,GW
Guinea-Bissau,Guinea Bissau,GNB,GW
Guinea-Bissau,Guineabissau,GNB,GW
Guinea-Bissau,GUINEA-BISSAU,GNB,GW
Guinea-Bissau,Guinea-Bissau,GNB,GW
Guinea-Bissau,GW,GNB,GW
Guyana,Guayana,GUY,GY
Guyana,Guy,GUY,GY
Guyana,GUY,GUY,GY
Guyana,GUYANA,GUY,GY
Guyana,Guyana,GUY,GY
Guyana,GY,GUY,GY
Haiti,HAITI,HTI,HT
Haiti,Haiti,HTI,HT
Haiti,HT,HTI,HT
Haiti,HTI,HTI,HT
Heard Island and McDonald Islands,Heard and Mcdonald Islands,HMD,HM
Heard Island and McDonald Islands,HEARD ISLAND AND McDONALD ISLANDS,HMD,HM
Heard Island and McDonald Islands,Heard Island and Mcdonald Islands,HMD,HM
Heard Island and McDonald Islands,Heard Island and McDonald Islands,HMD,HM
Heard Island and McDonald Islands,HM,HMD,HM
Heard Island and McDonald Islands,HMD,HMD,HM
Holy See,Holy See,VAT,VA
Holy See,HOLY SEE (THE),VAT,VA
Holy See,Holy See (Vatican City State),VAT,VA
Holy See,VA,VAT,VA
Holy See,VAT,VAT,VA
Honduras,HN,HND,HN
Honduras,HND,HND,HN
Honduras,HONDURAS,HND,HN
Honduras,Honduras,HND,HN
Hong Kong,HK,HKG,HK
Hong Kong,HKG,HKG,HK
Hong Kong,HONG KONG,HKG,HK
Hong Kong,Hong Kong,HKG,HK
Hong Kong,Hong Kong S.A.R.,HKG,HK
Hong Kong,Hong Kong Sar China,HKG,HK
Hong Kong,"Hong Kong SAR, China",HKG,HK
Hong Kong,"Hong Kong, SAR China",HKG,HK
Hungary,Hongrie,HUN,HU
Hungary,HU,HUN,HU
Hungary,HUN,HUN,HU
Hungary,HUNGARY,HUN,HU
Hungary,Hungary,HUN,HU
Hungary,Ungheria,HUN,HU
Iceland,ICELAND,ISL,IS
Iceland,Iceland,ISL,IS
Iceland,IS,ISL,IS
Iceland,Isl,ISL,IS
Iceland,ISL,ISL,IS
India,IN,IND,IN
India,IND,IND,IN
India,Inde,IND,IN
India,INDIA,IND,IN
India,India,IND,IN
Indonesia,ID,IDN,ID
Indonesia,Idn,IDN,ID
Indonesia,IDN,IDN,ID
Indonesia,Indoneisa,IDN,ID
Indonesia,INDONESIA,IDN,ID
Indonesia,Indonesia,IDN,ID
"Iran, Islamic Republic of",IR,IRN,IR
"Iran, Islamic Republic of",Iran,IRN,IR
"Iran, Islamic Republic of",Iran (Islamic Republic of),IRN,IR
"Iran, Islamic Republic of",IRAN (ISLAMIC REPUBLIC OF),IRN,IR
"Iran, Islamic Republic of",Iran Islamic Rep,IRN,IR
"Iran, Islamic Republic of",Iran Islamic Republic of,IRN,IR
"Iran, Islamic Republic of","Iran, Islamic Rep.",IRN,IR
"Iran, Islamic Republic of","Iran, Islamic Republic Of",IRN,IR
"Iran, Islamic Republic of","Iran, Islamic Republic of",IRN,IR
"Iran, Islamic Republic of",IRN,IRN,IR
Iraq,IQ,IRQ,IQ
Iraq,IRAQ,IRQ,IQ
Iraq,Iraq,IRQ,IQ
Iraq,IRQ,IRQ,IQ
Iraq,Kurdistan,IRQ,IQ
Iraq,Region of the Iraqui Kurdistan,IRQ,IQ
Iraq,Republic of Iraq,IRQ,IQ
Ireland,IE,IRL,IE
Ireland,IRELAND,IRL,IE
Ireland,Ireland,IRL,IE
Ireland,Irl,IRL,IE
Ireland,IRL,IRL,IE
Ireland,Irlande,IRL,IE
Isle of Man,IM,IMN,IM
Isle of Man,IMN,IMN,IM
Isle of Man,ISLE OF MAN,IMN,IM
Isle of Man,Isle of Man,IMN,IM
Isle of Man,the  Isle of Man,IMN,IM
Isle of Man,The Isle of Man,IMN,IM
Israel,IL,ISR,IL
Israel,ISR,ISR,IL
Israel,ISRAEL,ISR,IL
Israel,Israel,ISR,IL
Italy,IT,ITA,IT
Italy,ITA,ITA,IT
Italy,Italie,ITA,IT
Italy,ITALY,ITA,IT
Italy,Italy,ITA,IT
Jamaica,JAM,JAM,JM
Jamaica,JAMAICA,JAM,JM
Jamaica,Jamaica,JAM,JM
Jamaica,JM,JAM,JM
Japan,JAPAN,JPN,JP
Japan,Japan,JPN,JP
Japan,JP,JPN,JP
Japan,JPN,JPN,JP
Jersey,JE,JEY,JE
Jersey,JERSEY,JEY,JE
Jersey,Jersey,JEY,JE
Jersey,Jersey Channel Islands,JEY,JE
Jersey,JEY,JEY,JE
Jordan,JO,JOR,JO
Jordan,JOR,JOR,JO
Jordan,JORDAN,JOR,JO
Jordan,Jordan,JOR,JO
Kazakhstan,KAZ,KAZ,KZ
Kazakhstan,Kazachstan,KAZ,KZ
Kazakhstan,KAZAKHSTAN,KAZ,KZ
Kazakhstan,Kazakhstan,KAZ,KZ
Kazakhstan,KZ,KAZ,KZ
Kenya,KE,KEN,KE
Kenya,KEN,KEN,KE
Kenya,KENYA,KEN,KE
Kenya,Kenya,KEN,KE
Kiribati,KI,KIR,KI
Kiribati,KIR,KIR,KI
Kiribati,KIRIBATI,KIR,KI
Kiribati,Kiribati,KIR,KI
"Korea, Democratic People's Republic of",Dem. Rep. Korea,PRK,KP
"Korea, Democratic People's Republic of",Korea Democratic Peoples Republic of,PRK,KP
"Korea, Democratic People's Republic of",Korea (Democratic People's Republic of),PRK,KP
"Korea, Democratic People's Republic of",Korea (North),PRK,KP
"Korea, Democratic People's Republic of",KOREA (THE DEMOCRATIC PEOPLE<U+FFFD><U+06EA>S REPUBLIC OF),PRK,KP
"Korea, Democratic People's Republic of",KOREA (THE DEMOCRATIC PEOPLE'S REPUBLIC OF),PRK,KP
"Korea, Democratic People's Republic of",Korea Dem Peoples Rep,PRK,KP
"Korea, Democratic People's Republic of",Korea Dem Rep,PRK,KP
"Korea, Democratic People's Republic of","Korea, Dem. People’s Rep.",PRK,KP
"Korea, Democratic People's Republic of","Korea, Democratic People's Republic of",PRK,KP
"Korea, Democratic People's Republic of",KP,PRK,KP
"Korea, Democratic People's Republic of",North Korea,PRK,KP
"Korea, Democratic People's Republic of",PRK,PRK,KP
"Korea, Republic of",KOR,KOR,KR
"Korea, Republic of",Korea,KOR,KR
"Korea, Republic of",Korea (Republic of),KOR,KR
"Korea, Republic of",Korea (South),KOR,KR
"Korea, Republic of",KOREA (THE REPUBLIC OF),KOR,KR
"Korea, Republic of",Korea Rep,KOR,KR
"Korea, Republic of",Korea Republic of,KOR,KR
"Korea, Republic of","Korea, Rep.",KOR,KR
"Korea, Republic of","Korea, Republic of",KOR,KR
"Korea, Republic of",KR,KOR,KR
"Korea, Republic of",South Korea,KOR,KR
Kuwait,KUWAIT,KWT,KW
Kuwait,Kuwait,KWT,KW
Kuwait,KW,KWT,KW
Kuwait,KWT,KWT,KW
Kyrgyzstan,KG,KGZ,KG
Kyrgyzstan,KGZ,KGZ,KG
Kyrgyzstan,Kyrgyz Republic,KGZ,KG
Kyrgyzstan,KYRGYZSTAN,KGZ,KG
Kyrgyzstan,Kyrgyzstan,KGZ,KG
Lao People's Democratic Republic,LA,LAO,LA
Lao People's Democratic Republic,LAO,LAO,LA
Lao People's Democratic Republic,Lao PDR,LAO,LA
Lao People's Democratic Republic,Lao Pdr,LAO,LA
Lao People's Democratic Republic,LAO PEOPLE<U+FFFD><U+06EA>S DEMOCRATIC REPUBLIC (THE),LAO,LA
Lao People's Democratic Republic,lao peoples democratic republic,LAO,LA
Lao People's Democratic Republic,Lao People's Democratic Republic,LAO,LA
Lao People's Democratic Republic,LAO PEOPLE'S DEMOCRATIC REPUBLIC (THE),LAO,LA
Lao People's Democratic Republic,Laos,LAO,LA
Latvia,LATVIA,LVA,LV
Latvia,Latvia,LVA,LV
Latvia,LV,LVA,LV
Latvia,LVA,LVA,LV
Lebanon,LB,LBN,LB
Lebanon,LBN,LBN,LB
Lebanon,LEBANON,LBN,LB
Lebanon,Lebanon,LBN,LB
Lesotho,LESOTHO,LSO,LS
Lesotho,Lesotho,LSO,LS
Lesotho,LS,LSO,LS
Lesotho,LSO,LSO,LS
Liberia,LBR,LBR,LR
Liberia,LIBERIA,LBR,LR
Liberia,Liberia,LBR,LR
Liberia,LR,LBR,LR
Libya,LBY,LBY,LY
Libya,LIBYA,LBY,LY
Libya,Libya,LBY,LY
Libya,Libyan Arab Jamahiriya,LBY,LY
Libya,LY,LBY,LY
Liechtenstein,LI,LIE,LI
Liechtenstein,LIE,LIE,LI
Liechtenstein,LIECHTENSTEIN,LIE,LI
Liechtenstein,Liechtenstein,LIE,LI
Lithuania,LITHUANIA,LTU,LT
Lithuania,Lithuania,LTU,LT
Lithuania,LT,LTU,LT
Lithuania,LTU,LTU,LT
Luxembourg,LU,LUX,LU
Luxembourg,Lussemburgo,LUX,LU
Luxembourg,LUX,LUX,LU
Luxembourg,Luxemborug,LUX,LU
Luxembourg,LUXEMBOURG,LUX,LU
Luxembourg,Luxembourg,LUX,LU
Macao,MAC,MAC,MO
Macao,MACAO,MAC,MO
Macao,Macao,MAC,MO
Macao,Macao Sar China,MAC,MO
Macao,"Macao SAR, China",MAC,MO
Macao,"Macao, SAR China",MAC,MO
Macao,Macau,MAC,MO
Macao,Macau S.A.R,MAC,MO
Macao,MO,MAC,MO
"Macedonia, the former Yugoslav Republic of",Macedonia,MKD,MK
"Macedonia, the former Yugoslav Republic of",Macedonia (the former Yugoslav Republic of),MKD,MK
"Macedonia, the former Yugoslav Republic of",MACEDONIA (THE FORMER YUGOSLAV REPUBLIC OF),MKD,MK
"Macedonia, the former Yugoslav Republic of",Macedonia Fyr,MKD,MK
"Macedonia, the former Yugoslav Republic of",Macedonia the Former Yugoslav Republic of,MKD,MK
"Macedonia, the former Yugoslav Republic of","Macedonia, FYR",MKD,MK
"Macedonia, the former Yugoslav Republic of","Macedonia, Republic of",MKD,MK
"Macedonia, the former Yugoslav Republic of","Macedonia, the former Yugoslav Republic of",MKD,MK
"Macedonia, the former Yugoslav Republic of",MK,MKD,MK
"Macedonia, the former Yugoslav Republic of",MKD,MKD,MK
"Macedonia, the former Yugoslav Republic of",Republic of Macedonia,MKD,MK
Madagascar,Madagasacar,MDG,MG
Madagascar,MADAGASCAR,MDG,MG
Madagascar,Madagascar,MDG,MG
Madagascar,MDG,MDG,MG
Madagascar,MG,MDG,MG
Malawi,MALAWI,MWI,MW
Malawi,Malawi,MWI,MW
Malawi,MW,MWI,MW
Malawi,MWI,MWI,MW
Malaysia,Malaisie,MYS,MY
Malaysia,MALAYSIA,MYS,MY
Malaysia,Malaysia,MYS,MY
Malaysia,MY,MYS,MY
Malaysia,MYS,MYS,MY
Maldives,MALDIVES,MDV,MV
Maldives,Maldives,MDV,MV
Maldives,MDV,MDV,MV
Maldives,MV,MDV,MV
Mali,MALI,MLI,ML
Mali,Mali,MLI,ML
Mali,ML,MLI,ML
Mali,MLI,MLI,ML
Malta,MALTA,MLT,MT
Malta,Malta,MLT,MT
Malta,MLT,MLT,MT
Malta,MT,MLT,MT
Marshall Islands,Marshall Islands,MHL,MH
Marshall Islands,MARSHALL ISLANDS (THE),MHL,MH
Marshall Islands,MH,MHL,MH
Marshall Islands,MHL,MHL,MH
Martinique,MARTINIQUE,MTQ,MQ
Martinique,Martinique,MTQ,MQ
Martinique,MQ,MTQ,MQ
Martinique,MTQ,MTQ,MQ
Mauritania,MAURITANIA,MRT,MR
Mauritania,Mauritania,MRT,MR
Mauritania,MR,MRT,MR
Mauritania,MRT,MRT,MR
Mauritius,MAURITIUS,MUS,MU
Mauritius,Mauritius,MUS,MU
Mauritius,Mu,MUS,MU
Mauritius,MU,MUS,MU
Mauritius,MUS,MUS,MU
Mayotte,MAYOTTE,MYT,YT
Mayotte,Mayotte,MYT,YT
Mayotte,MYT,MYT,YT
Mayotte,YT,MYT,YT
Mexico,Mex,MEX,MX
Mexico,MEX,MEX,MX
Mexico,MEXICO,MEX,MX
Mexico,Mexico,MEX,MX
Mexico,Mexique,MEX,MX
Mexico,MX,MEX,MX
"Micronesia, Federated States of",Micronesia (Federated States of),FSM,FM
"Micronesia, Federated States of",Federated States of Micronesia,FSM,FM
"Micronesia, Federated States of",FM,FSM,FM
"Micronesia, Federated States of",FSM,FSM,FM
"Micronesia, Federated States of",MICRONESIA (FEDERATED STATES OF),FSM,FM
"Micronesia, Federated States of",Micronesia Fed Sts,FSM,FM
"Micronesia, Federated States of","Micronesia, Fed. Sts.",FSM,FM
"Micronesia, Federated States of","Micronesia, Federated States of",FSM,FM
"Moldova, Republic of",MD,MDA,MD
"Moldova, Republic of",MDA,MDA,MD
"Moldova, Republic of",Moldova,MDA,MD
"Moldova, Republic of",Moldova (Republic of),MDA,MD
"Moldova, Republic of",MOLDOVA (THE REPUBLIC OF),MDA,MD
"Moldova, Republic of",Moldova Republic of,MDA,MD
"Moldova, Republic of","Moldova, Republic of",MDA,MD
Monaco,MC,MCO,MC
Monaco,MCO,MCO,MC
Monaco,MONACO,MCO,MC
Monaco,Monaco,MCO,MC
Mongolia,MN,MNG,MN
Mongolia,MNG,MNG,MN
Mongolia,MONGOLIA,MNG,MN
Mongolia,Mongolia,MNG,MN
Montenegro,ME,MNE,ME
Montenegro,MNE,MNE,ME
Montenegro,MONTENEGRO,MNE,ME
Montenegro,Montenegro,MNE,ME
Montserrat,MONTSERRAT,MSR,MS
Montserrat,Montserrat,MSR,MS
Montserrat,MS,MSR,MS
Montserrat,MSR,MSR,MS
Morocco,MA,MAR,MA
Morocco,MAR,MAR,MA
Morocco,Maroc,MAR,MA
Morocco,MOROCCO,MAR,MA
Morocco,Morocco,MAR,MA
Mozambique,MOZ,MOZ,MZ
Mozambique,MOZAMBIQUE,MOZ,MZ
Mozambique,Mozambique,MOZ,MZ
Mozambique,MZ,MOZ,MZ
Myanmar,MM,MMR,MM
Myanmar,MMR,MMR,MM
Myanmar,MYANMAR,MMR,MM
Myanmar,Myanmar,MMR,MM
Myanmar,Myanmar (Burma),MMR,MM
Namibia,NAM,NAM,NA
Namibia,NAMIBIA,NAM,NA
Namibia,Namibia,NAM,NA
Namibia,Namibie,NAM,NA
Nauru,NAURU,NRU,NR
Nauru,Nauru,NRU,NR
Nauru,NR,NRU,NR
Nauru,NRU,NRU,NR
Nepal,NEPAL,NPL,NP
Nepal,Nepal,NPL,NP
Nepal,NP,NPL,NP
Nepal,NPL,NPL,NP
Netherlands,Neatherlands,NLD,NL
Netherlands,Netherla nds,NLD,NL
Netherlands,Netherlands,NLD,NL
Netherlands,NETHERLANDS (THE),NLD,NL
Netherlands,NL,NLD,NL
Netherlands,Nl,NLD,NL
Netherlands,NLD,NLD,NL
Netherlands,The Netherlands,NLD,NL
New Caledonia,NC,NCL,NC
New Caledonia,NCL,NCL,NC
New Caledonia,NEW CALEDONIA,NCL,NC
New Caledonia,New Caledonia,NCL,NC
New Zealand,NEW ZEALAND,NZL,NZ
New Zealand,New Zealand,NZL,NZ
New Zealand,Nouvellezlande,NZL,NZ
New Zealand,NZ,NZL,NZ
New Zealand,Nzl,NZL,NZ
New Zealand,NZL,NZL,NZ
Nicaragua,NI,NIC,NI
Nicaragua,NIC,NIC,NI
Nicaragua,NICARAGUA,NIC,NI
Nicaragua,Nicaragua,NIC,NI
Niger,NE,NER,NE
Niger,NER,NER,NE
Niger,Niger,NER,NE
Niger,NIGER (THE),NER,NE
Nigeria,NG,NGA,NG
Nigeria,Nga,NGA,NG
Nigeria,NGA,NGA,NG
Nigeria,NIGERIA,NGA,NG
Nigeria,Nigeria,NGA,NG
Niue,NIU,NIU,NU
Niue,NIUE,NIU,NU
Niue,Niue,NIU,NU
Niue,NU,NIU,NU
Norfolk Island,NF,NFK,NF
Norfolk Island,NFK,NFK,NF
Norfolk Island,NORFOLK ISLAND,NFK,NF
Norfolk Island,Norfolk Island,NFK,NF
Northern Mariana Islands,MNP,MNP,MP
Northern Mariana Islands,MP,MNP,MP
Northern Mariana Islands,Northern Mariana Islands,MNP,MP
Northern Mariana Islands,NORTHERN MARIANA ISLANDS (THE),MNP,MP
Norway,NO,NOR,NO
Norway,NOR,NOR,NO
Norway,NORWAY,NOR,NO
Norway,Norway,NOR,NO
Norway,Norwegia,NOR,NO
Oman,OM,OMN,OM
Oman,OMAN,OMN,OM
Oman,Oman,OMN,OM
Oman,OMN,OMN,OM
Pakistan,PAK,PAK,PK
Pakistan,PAKISTAN,PAK,PK
Pakistan,Pakistan,PAK,PK
Pakistan,PK,PAK,PK
Palau,PALAU,PLW,PW
Palau,Palau,PLW,PW
Palau,PLW,PLW,PW
Palau,PW,PLW,PW
"Palestine, State of",Palestine State of,PSE,PS
"Palestine, State of",Palestine,PSE,PS
"Palestine, State of","PALESTINE, STATE OF",PSE,PS
"Palestine, State of","Palestine, State of",PSE,PS
"Palestine, State of",Palestinian Territory,PSE,PS
"Palestine, State of",PS,PSE,PS
"Palestine, State of",PSE,PSE,PS
Panama,PA,PAN,PA
Panama,PAN,PAN,PA
Panama,PANAMA,PAN,PA
Panama,Panama,PAN,PA
Papua New Guinea,Papua New Giunea,PNG,PG
Papua New Guinea,PAPUA NEW GUINEA,PNG,PG
Papua New Guinea,Papua New Guinea,PNG,PG
Papua New Guinea,Papua Nueva Guinea,PNG,PG
Papua New Guinea,PG,PNG,PG
Papua New Guinea,PNG,PNG,PG
Paraguay,PARAGUAY,PRY,PY
Paraguay,Paraguay,PRY,PY
Paraguay,PRY,PRY,PY
Paraguay,PY,PRY,PY
Peru,PE,PER,PE
Peru,Per,PER,PE
Peru,PER,PER,PE
Peru,PERU,PER,PE
Peru,Peru,PER,PE
Philippines,PH,PHL,PH
Philippines,Philipenes,PHL,PH
Philippines,Philippines,PHL,PH
Philippines,PHILIPPINES (THE),PHL,PH
Philippines,PHL,PHL,PH
Pitcairn,PCN,PCN,PN
Pitcairn,PITCAIRN,PCN,PN
Pitcairn,Pitcairn,PCN,PN
Pitcairn,Pitcairn Islands,PCN,PN
Pitcairn,PN,PCN,PN
Poland,PL,POL,PL
Poland,POL,POL,PL
Poland,Polan,POL,PL
Poland,POLAND,POL,PL
Poland,Poland,POL,PL
Poland,Polonia,POL,PL
Poland,Polska,POL,PL
Portugal,PORTUGAL,PRT,PT
Portugal,Portugal,PRT,PT
Portugal,PRT,PRT,PT
Portugal,PT,PRT,PT
Puerto Rico,PR,PRI,PR
Puerto Rico,PRI,PRI,PR
Puerto Rico,PUERTO RICO,PRI,PR
Puerto Rico,Puerto Rico,PRI,PR
Qatar,QA,QAT,QA
Qatar,QAT,QAT,QA
Qatar,QATAR,QAT,QA
Qatar,Qatar,QAT,QA
Reunion,R<U+FFFD><U+FFFD>UNION,REU,RE
Reunion,Réunion,REU,RE
Reunion,RE,REU,RE
Reunion,REU,REU,RE
Reunion,REUNION,REU,RE
Reunion,Reunion,REU,RE
Reunion,Réunion,REU,RE
Reunion,Runion,REU,RE
Reunion,Réunion,REU,RE
Romania,RO,ROU,RO
Romania,ROMANIA,ROU,RO
Romania,Romania,ROU,RO
Romania,ROU,ROU,RO
Russian Federation,RU,RUS,RU
Russian Federation,RUS,RUS,RU
Russian Federation,Russia,RUS,RU
Russian Federation,Russian Federation,RUS,RU
Russian Federation,RUSSIAN FEDERATION (THE),RUS,RU
Russian Federation,Russie,RUS,RU
Rwanda,RW,RWA,RW
Rwanda,RWA,RWA,RW
Rwanda,RWANDA,RWA,RW
Rwanda,Rwanda,RWA,RW
Saint Barthelemy,BL,BLM,BL
Saint Barthelemy,BLM,BLM,BL
Saint Barthelemy,SAINT BARTH<U+FFFD><U+FFFD>LEMY,BLM,BL
Saint Barthelemy,Saint Barthélemy,BLM,BL
Saint Barthelemy,SAINT BARTHELEMY,BLM,BL
Saint Barthelemy,Saint Barthelemy,BLM,BL
Saint Barthelemy,Saint Barthélemy,BLM,BL
Saint Barthelemy,Saint Barthlemy,BLM,BL
Saint Barthelemy,Saint-Barthélemy,BLM,BL
"Saint Helena, Ascension and Tristan da Cunha",Ascension Island,SHN,SH
"Saint Helena, Ascension and Tristan da Cunha",Saint Helena,SHN,SH
"Saint Helena, Ascension and Tristan da Cunha",Saint Helena Ascension and Tristan da Cunha,SHN,SH
"Saint Helena, Ascension and Tristan da Cunha","SAINT HELENA, ASCENSION AND TRISTAN DA CUNHA",SHN,SH
"Saint Helena, Ascension and Tristan da Cunha","Saint Helena, Ascension and Tristan da Cunha",SHN,SH
"Saint Helena, Ascension and Tristan da Cunha",SH,SHN,SH
"Saint Helena, Ascension and Tristan da Cunha",SHN,SHN,SH
"Saint Helena, Ascension and Tristan da Cunha",Tristan da Cunha,SHN,SH
"Saint Helena, Ascension and Tristan da Cunha",Tristan Da Cunha,SHN,SH
Saint Kitts and Nevis,KN,KNA,KN
Saint Kitts and Nevis,KNA,KNA,KN
Saint Kitts and Nevis,SAINT KITTS AND NEVIS,KNA,KN
Saint Kitts and Nevis,Saint Kitts and Nevis,KNA,KN
Saint Kitts and Nevis,St Kitts and Nevis,KNA,KN
Saint Kitts and Nevis,St. Kitts and Nevis,KNA,KN
Saint Lucia,LC,LCA,LC
Saint Lucia,LCA,LCA,LC
Saint Lucia,SAINT LUCIA,LCA,LC
Saint Lucia,Saint Lucia,LCA,LC
Saint Lucia,St Lucia,LCA,LC
Saint Lucia,St. Lucia,LCA,LC
Saint Martin (French part),MAF,MAF,MF
Saint Martin (French part),MF,MAF,MF
Saint Martin (French part),Saint Martin,MAF,MF
Saint Martin (French part),SAINT MARTIN (FRENCH PART),MAF,MF
Saint Martin (French part),Saint Martin (French part),MAF,MF
Saint Martin (French part),Saint-Martin (French part),MAF,MF
Saint Martin (French part),Sint Maarten,MAF,MF
Saint Martin (French part),St Martin French Part,MAF,MF
Saint Martin (French part),St. Martin (French part),MAF,MF
Saint Pierre and Miquelon,PM,SPM,PM
Saint Pierre and Miquelon,SAINT PIERRE AND MIQUELON,SPM,PM
Saint Pierre and Miquelon,Saint Pierre and Miquelon,SPM,PM
Saint Pierre and Miquelon,SPM,SPM,PM
Saint Vincent and the Grenadines,Saint Vincent and Grenadines,VCT,VC
Saint Vincent and the Grenadines,SAINT VINCENT AND THE GRENADINES,VCT,VC
Saint Vincent and the Grenadines,Saint Vincent and the Grenadines,VCT,VC
Saint Vincent and the Grenadines,St Vincent and the Grenadines,VCT,VC
Saint Vincent and the Grenadines,St. Vincent and the Grenadines,VCT,VC
Saint Vincent and the Grenadines,VC,VCT,VC
Saint Vincent and the Grenadines,VCT,VCT,VC
Samoa,SAMOA,WSM,WS
Samoa,Samoa,WSM,WS
Samoa,WS,WSM,WS
Samoa,WSM,WSM,WS
San Marino,SAN MARINO,SMR,SM
San Marino,San Marino,SMR,SM
San Marino,SM,SMR,SM
San Marino,SMR,SMR,SM
Sao Tome and Principe,Sao Tome,STP,ST
Sao Tome and Principe,Sao Tome & Principe,STP,ST
Sao Tome and Principe,SAO TOME AND PRINCIPE,STP,ST
Sao Tome and Principe,Sao Tome and Principe,STP,ST
Sao Tome and Principe,São Tomé and Príncipe,STP,ST
Sao Tome and Principe,So Tom and Principe,STP,ST
Sao Tome and Principe,So Tom and Prncipe,STP,ST
Sao Tome and Principe,ST,STP,ST
Sao Tome and Principe,STP,STP,ST
Saudi Arabia,SA,SAU,SA
Saudi Arabia,SAU,SAU,SA
Saudi Arabia,SAUDI ARABIA,SAU,SA
Saudi Arabia,Saudi Arabia,SAU,SA
Senegal,SEN,SEN,SN
Senegal,SENEGAL,SEN,SN
Senegal,Senegal,SEN,SN
Senegal,SN,SEN,SN
Serbia,Republic of Serbia,SRB,RS
Serbia,RS,SRB,RS
Serbia,SERBIA,SRB,RS
Serbia,Serbia,SRB,RS
Serbia,SRB,SRB,RS
Seychelles,SC,SYC,SC
Seychelles,SEYCHELLES,SYC,SC
Seychelles,Seychelles,SYC,SC
Seychelles,SYC,SYC,SC
Sierra Leone,SIERRA LEONE,SLE,SL
Sierra Leone,Sierra Leone,SLE,SL
Sierra Leone,SL,SLE,SL
Sierra Leone,SLE,SLE,SL
Singapore,SG,SGP,SG
Singapore,SGP,SGP,SG
Singapore,SINGAPORE,SGP,SG
Singapore,Singapore,SGP,SG
Sint Maarten (Dutch part),Netherlands Antilles Former,SXM,SX
Sint Maarten (Dutch part),SINT MAARTEN (DUTCH PART),SXM,SX
Sint Maarten (Dutch part),Sint Maarten (Dutch part),SXM,SX
Sint Maarten (Dutch part),Sint Maarten Dutch Part,SXM,SX
Slovakia,SK,SVK,SK
Slovakia,Slovak Republic,SVK,SK
Slovakia,SLOVAKIA,SVK,SK
Slovakia,Slovakia,SVK,SK
Slovakia,SVK,SVK,SK
Slovenia,SI,SVN,SI
Slovenia,SLOVENIA,SVN,SI
Slovenia,Slovenia,SVN,SI
Slovenia,SVN,SVN,SI
Solomon Islands,SB,SLB,SB
Solomon Islands,SLB,SLB,SB
Solomon Islands,Solomon Is.,SLB,SB
Solomon Islands,SOLOMON ISLANDS,SLB,SB
Solomon Islands,Solomon Islands,SLB,SB
Somalia,SO,SOM,SO
Somalia,SOM,SOM,SO
Somalia,SOMALIA,SOM,SO
Somalia,Somalia,SOM,SO
South Africa,Afrique Du Sud,ZAF,ZA
South Africa,SOUTH AFRICA,ZAF,ZA
South Africa,South Africa,ZAF,ZA
South Africa,ZA,ZAF,ZA
South Africa,ZAF,ZAF,ZA
South Georgia and the South Sandwich Islands,GS,SGS,GS
South Georgia and the South Sandwich Islands,SGS,SGS,GS
South Georgia and the South Sandwich Islands,South Georgia and the Islands,SGS,GS
South Georgia and the South Sandwich Islands,SOUTH GEORGIA AND THE SOUTH SANDWICH ISLANDS,SGS,GS
South Georgia and the South Sandwich Islands,South Georgia and the South Sandwich Islands,SGS,GS
South Sudan,S. Sudan,SSD,SS
South Sudan,SOUTH SUDAN,SSD,SS
South Sudan,South Sudan,SSD,SS
South Sudan,SS,SSD,SS
South Sudan,SSD,SSD,SS
Spain,ES,ESP,ES
Spain,ESP,ESP,ES
Spain,Espagne,ESP,ES
Spain,SPAIN,ESP,ES
Spain,Spain,ESP,ES
Sri Lanka,LK,LKA,LK
Sri Lanka,LKA,LKA,LK
Sri Lanka,SRI LANKA,LKA,LK
Sri Lanka,Sri Lanka,LKA,LK
Sudan,SD,SDN,SD
Sudan,SDN,SDN,SD
Sudan,Sudan,SDN,SD
Sudan,SUDAN (THE),SDN,SD
Suriname,SR,SUR,SR
Suriname,SUR,SUR,SR
Suriname,SURINAME,SUR,SR
Suriname,Suriname,SUR,SR
Suriname,Suriname France,SUR,SR
Svalbard and Jan Mayen,SJ,SJM,SJ
Svalbard and Jan Mayen,SJM,SJM,SJ
Svalbard and Jan Mayen,Svalbard and  Jan Mayen,SJM,SJ
Svalbard and Jan Mayen,SVALBARD AND JAN MAYEN,SJM,SJ
Svalbard and Jan Mayen,Svalbard and Jan Mayen,SJM,SJ
Svalbard and Jan Mayen,Svalbard and Jan Mayen Islands,SJM,SJ
Eswatini,SWAZILAND,SWZ,SZ
Eswatini,Swaziland,SWZ,SZ
Eswatini,SWZ,SWZ,SZ
Eswatini,SZ,SWZ,SZ
Sweden,SE,SWE,SE
Sweden,Sude,SWE,SE
Sweden,Sverige,SWE,SE
Sweden,SWE,SWE,SE
Sweden,SWEDEN,SWE,SE
Sweden,Sweden,SWE,SE
Switzerland,CH,CHE,CH
Switzerland,CHE,CHE,CH
Switzerland,Suisse,CHE,CH
Switzerland,Swiss,CHE,CH
Switzerland,SWITZERLAND,CHE,CH
Switzerland,Switzerland,CHE,CH
Syrian Arab Republic,SY,SYR,SY
Syrian Arab Republic,SYR,SYR,SY
Syrian Arab Republic,Syria,SYR,SY
Syrian Arab Republic,SYRIAN ARAB REPUBLIC,SYR,SY
Syrian Arab Republic,Syrian Arab Republic,SYR,SY
Syrian Arab Republic,Syrian Arab Republic (Syria),SYR,SY
"Taiwan, Province of China",Taiwan,TWN,TW
"Taiwan, Province of China",TAIWAN (PROVINCE OF CHINA),TWN,TW
"Taiwan, Province of China",Taiwan China,TWN,TW
"Taiwan, Province of China",Taiwan Province of China,TWN,TW
"Taiwan, Province of China",Taiwan Republic of China,TWN,TW
"Taiwan, Province of China","Taiwan, China",TWN,TW
"Taiwan, Province of China",Taiwan Province of China,TWN,TW
"Taiwan, Province of China","Taiwan, Province of China",TWN,TW
"Taiwan, Province of China","Taiwan, Republic of China",TWN,TW
"Taiwan, Province of China",TW,TWN,TW
"Taiwan, Province of China",TWN,TWN,TW
Tajikistan,TAJIKISTAN,TJK,TJ
Tajikistan,Tajikistan,TJK,TJ
Tajikistan,TJ,TJK,TJ
Tajikistan,TJK,TJK,TJ
"Tanzania, United Republic of",Tanzania,TZA,TZ
"Tanzania, United Republic of",Tanzania United Republic of,TZA,TZ
"Tanzania, United Republic of","TANZANIA, UNITED REPUBLIC OF",TZA,TZ
"Tanzania, United Republic of","Tanzania, United Republic of",TZA,TZ
"Tanzania, United Republic of",TZ,TZA,TZ
"Tanzania, United Republic of",TZA,TZA,TZ
"Tanzania, United Republic of",United Republic of Tanzania,TZA,TZ
"Tanzania, United Republic of",United Republic Oftanzania,TZA,TZ
Thailand,TH,THA,TH
Thailand,THA,THA,TH
Thailand,THAILAND,THA,TH
Thailand,Thailand,THA,TH
Thailand,Thalande,THA,TH
Timor-Leste,East Timor,TLS,TL
Timor-Leste,Timor - Leste,TLS,TL
Timor-Leste,Timor Leste,TLS,TL
Timor-Leste,Timorleste,TLS,TL
Timor-Leste,TIMOR-LESTE,TLS,TL
Timor-Leste,Timor-Leste,TLS,TL
Timor-Leste,TL,TLS,TL
Timor-Leste,TLS,TLS,TL
Togo,TG,TGO,TG
Togo,TGO,TGO,TG
Togo,TOGO,TGO,TG
Togo,Togo,TGO,TG
Tokelau,TK,TKL,TK
Tokelau,TKL,TKL,TK
Tokelau,TOKELAU,TKL,TK
Tokelau,Tokelau,TKL,TK
Tonga,TO,TON,TO
Tonga,TON,TON,TO
Tonga,TONGA,TON,TO
Tonga,Tonga,TON,TO
Trinidad and Tobago,TRINIDAD,TTO,TT
Trinidad and Tobago,Trinidad,TTO,TT
Trinidad and Tobago,Trinidad & Tobago,TTO,TT
Trinidad and Tobago,TRINIDAD AND TOBAGO,TTO,TT
Trinidad and Tobago,Trinidad and Tobago,TTO,TT
Trinidad and Tobago,TT,TTO,TT
Trinidad and Tobago,Tto,TTO,TT
Trinidad and Tobago,TTO,TTO,TT
Tunisia,TN,TUN,TN
Tunisia,TUN,TUN,TN
Tunisia,TUNISIA,TUN,TN
Tunisia,Tunisia,TUN,TN
Turkey,TR,TUR,TR
Turkey,TUR,TUR,TR
Turkey,TURKEY,TUR,TR
Turkey,Turkey,TUR,TR
Turkey,Turquie,TUR,TR
Turkmenistan,TKM,TKM,TM
Turkmenistan,TM,TKM,TM
Turkmenistan,TURKMENISTAN,TKM,TM
Turkmenistan,Turkmenistan,TKM,TM
Turks and Caicos Islands,TC,TCA,TC
Turks and Caicos Islands,TCA,TCA,TC
Turks and Caicos Islands,Turks and Caicos Islands,TCA,TC
Turks and Caicos Islands,TURKS AND CAICOS ISLANDS (THE),TCA,TC
Tuvalu,TUV,TUV,TV
Tuvalu,TUVALU,TUV,TV
Tuvalu,Tuvalu,TUV,TV
Tuvalu,TV,TUV,TV
Uganda,UG,UGA,UG
Uganda,Uga,UGA,UG
Uganda,UGA,UGA,UG
Uganda,UGANDA,UGA,UG
Uganda,Uganda,UGA,UG
Ukraine,UA,UKR,UA
Ukraine,Ucraina,UKR,UA
Ukraine,UKR,UKR,UA
Ukraine,UKRAINE,UKR,UA
Ukraine,Ukraine,UKR,UA
United Arab Emirates,Abu Dhabi,ARE,AE
United Arab Emirates,AE,ARE,AE
United Arab Emirates,ARE,ARE,AE
United Arab Emirates,Uae,ARE,AE
United Arab Emirates,United Arab Emirates,ARE,AE
United Arab Emirates,UNITED ARAB EMIRATES (THE),ARE,AE
United Kingdom of Great Britain and Northern Ireland,GB,GBR,GB
United Kingdom of Great Britain and Northern Ireland,Gbr,GBR,GB
United Kingdom of Great Britain and Northern Ireland,GBR,GBR,GB
United Kingdom of Great Britain and Northern Ireland,Great Britain,GBR,GB
United Kingdom of Great Britain and Northern Ireland,Royaumeuni,GBR,GB
United Kingdom of Great Britain and Northern Ireland,Uk,GBR,GB
United Kingdom of Great Britain and Northern Ireland,UK,GBR,GB
United Kingdom of Great Britain and Northern Ireland,United Kingdom,GBR,GB
United Kingdom of Great Britain and Northern Ireland,United Kingdom (UK),GBR,GB
United Kingdom of Great Britain and Northern Ireland,United Kingdom of Great Britain and 340000 Northern Ireland,GBR,GB
United Kingdom of Great Britain and Northern Ireland,United Kingdom of Great Britain and Northern Ireland,GBR,GB
United Kingdom of Great Britain and Northern Ireland,UNITED KINGDOM OF GREAT BRITAIN AND NORTHERN IRELAND (THE),GBR,GB
United Kingdom of Great Britain and Northern Ireland,United Kingdom Uk,GBR,GB
United Kingdom of Great Britain and Northern Ireland,United Kingdon,GBR,GB
United Kingdom of Great Britain and Northern Ireland,United Kingom,GBR,GB
United Kingdom of Great Britain and Northern Ireland,United-Kingdom,GBR,GB
United States Minor Outlying Islands,UM,UMI,UM
United States Minor Outlying Islands,UMI,UMI,UM
United States Minor Outlying Islands,United States Minor Outlying Islands,UMI,UM
United States Minor Outlying Islands,UNITED STATES MINOR OUTLYING ISLANDS (THE),UMI,UM
United States Minor Outlying Islands,US Minor Outlying Islands,UMI,UM
United States of America,Etatsunis,USA,US
United States of America,Tatsunis,USA,US
United States of America,The United States of America,USA,US
United States of America,Unied States,USA,US
United States of America,United States,USA,US
United States of America,UNITED STATES (USA),USA,US
United States of America,UNITED STATES OF AMERICA,USA,US
United States of America,United States of America,USA,US
United States of America,UNITED STATES OF AMERICA (THE),USA,US
United States of America,United States of America (US),USA,US
United States of America,United States of Amerika,USA,US
United States of America,United States Usa,USA,US
United States of America,Unitedstates,USA,US
United States of America,United-States,USA,US
United States of America,Unites States,USA,US
United States of America,US,USA,US
United States of America,Us,USA,US
United States of America,Us Montana,USA,US
United States of America,Us Nevada,USA,US
United States of America,Us Pennsylvania,USA,US
United States of America,Us Utah,USA,US
United States of America,USA,USA,US
United States of America,Usa,USA,US
United States of America,Usa Gulf of Mexico,USA,US
Uruguay,URUGUAY,URY,UY
Uruguay,Uruguay,URY,UY
Uruguay,URY,URY,UY
Uruguay,UY,URY,UY
Uzbekistan,UZ,UZB,UZ
Uzbekistan,UZB,UZB,UZ
Uzbekistan,UZBEKISTAN,UZB,UZ
Uzbekistan,Uzbekistan,UZB,UZ
Vanuatu,VANUATU,VUT,VU
Vanuatu,Vanuatu,VUT,VU
Vanuatu,VU,VUT,VU
Vanuatu,VUT,VUT,VU
"Venezuela, Bolivarian Republic of",VE,VEN,VE
"Venezuela, Bolivarian Republic of",VEN,VEN,VE
"Venezuela, Bolivarian Republic of",Venezuela,VEN,VE
"Venezuela, Bolivarian Republic of",Venezuela (Bolivarian Republic of),VEN,VE
"Venezuela, Bolivarian Republic of",VENEZUELA (BOLIVARIAN REPUBLIC OF),VEN,VE
"Venezuela, Bolivarian Republic of",Venezuela (Bolivarian Republic),VEN,VE
"Venezuela, Bolivarian Republic of",Venezuela Bolivarian Republic of,VEN,VE
"Venezuela, Bolivarian Republic of",Venezuela Rb,VEN,VE
"Venezuela, Bolivarian Republic of","Venezuela, Bolivarian Republic of",VEN,VE
"Venezuela, Bolivarian Republic of","Venezuela, RB",VEN,VE
Viet Nam,VIET NAM,VNM,VN
Viet Nam,Viet Nam,VNM,VN
Viet Nam,Vietnam,VNM,VN
Viet Nam,VN,VNM,VN
Viet Nam,VNM,VNM,VN
"Virgin Islands, British",British Virgin Islands,VGB,VG
"Virgin Islands, British",VG,VGB,VG
"Virgin Islands, British",VGB,VGB,VG
"Virgin Islands, British",Virgin Islands British,VGB,VG
"Virgin Islands, British",Virgin Islands (British),VGB,VG
"Virgin Islands, British",VIRGIN ISLANDS (BRITISH),VGB,VG
"Virgin Islands, British","Virgin Islands, British",VGB,VG
"Virgin Islands, U.S.",U.S. Virgin Islands,VIR,VI
"Virgin Islands, U.S.",United States Virgin Islands,VIR,VI
"Virgin Islands, U.S.",Us Virgin Islands,VIR,VI
"Virgin Islands, U.S.",VI,VIR,VI
"Virgin Islands, U.S.",VIR,VIR,VI
"Virgin Islands, U.S.",Virgin Islands (U.S.),VIR,VI
"Virgin Islands, U.S.",VIRGIN ISLANDS (U.S.),VIR,VI
"Virgin Islands, U.S.",Virgin Islands Us,VIR,VI
"Virgin Islands, U.S.","Virgin Islands, U.S.",VIR,VI
"Virgin Islands, U.S.","Virgin Islands, US",VIR,VI
Wallis and Futuna,WALLIS AND FUTUNA,WLF,WF
Wallis and Futuna,Wallis and Futuna,WLF,WF
Wallis and Futuna,Wallis and Futuna Islands,WLF,WF
Wallis and Futuna,WF,WLF,WF
Wallis and Futuna,WLF,WLF,WF
Western Sahara,EH,ESH,EH
Western Sahara,ESH,ESH,EH
Western Sahara,W. Sahara,ESH,EH
Western Sahara,WESTERN SAHARA,ESH,EH
Western Sahara,Western Sahara,ESH,EH
Yemen,YE,YEM,YE
Yemen,YEM,YEM,YE
Yemen,YEMEN,YEM,YE
Yemen,Yemen,YEM,YE
Yemen,Yemen Rep,YEM,YE
Yemen,"Yemen, Rep.",YEM,YE
Zambia,ZAM,ZMB,ZM
Zambia,ZAMBIA,ZMB,ZM
Zambia,Zambia,ZMB,ZM
Zambia,ZM,ZMB,ZM
Zambia,ZMB,ZMB,ZM
Zambia,Zzambia,ZMB,ZM
Zimbabwe,ZIMBABWE,ZWE,ZW
Zimbabwe,Zimbabwe,ZWE,ZW
Zimbabwe,Zimbawe,ZWE,ZW
Zimbabwe,ZW,ZWE,ZW
Zimbabwe,ZWE,ZWE,ZW
